{
  "enhanced_autoencoder": {
    "overall_mse": 0.057216302062328896,
    "overall_mae": 0.1568411331307571,
    "overall_rmse": 0.23919929360750397,
    "overall_r2": 0.9357798451517336,
    "feature_r2_scores": [
      0.8964729232318259,
      0.9557781140471271,
      0.9399353042366904,
      0.9269710161675767,
      0.9597418680754483
    ]
  },
  "deep_dense": {
    "overall_mse": 0.030084604560044442,
    "overall_mae": 0.11711970837791619,
    "overall_rmse": 0.1734491411337757,
    "overall_r2": 0.9661681105763792,
    "feature_r2_scores": [
      0.9169507652599593,
      0.9780978957900557,
      0.9817689043945886,
      0.9751627968829858,
      0.978860190554307
    ]
  },
  "wide_model": {
    "overall_mse": 0.015071700459102028,
    "overall_mae": 0.08160750757258031,
    "overall_rmse": 0.12276685407349179,
    "overall_r2": 0.9830391510117152,
    "feature_r2_scores": [
      0.9468242624284127,
      0.9932793017857895,
      0.9949386459658737,
      0.9889771997191162,
      0.9911763451593847
    ]
  },
  "residual_model": {
    "overall_mse": 0.04315124948057504,
    "overall_mae": 0.14131718148160938,
    "overall_rmse": 0.20772878828071722,
    "overall_r2": 0.9516033320795738,
    "feature_r2_scores": [
      0.8787209248502968,
      0.9700124716342454,
      0.9696853309052635,
      0.9653300308687284,
      0.9742679021393352
    ]
  },
  "simple_baseline": {
    "overall_mse": 0.025916369999900157,
    "overall_mae": 0.11409903033097368,
    "overall_rmse": 0.16098562047555726,
    "overall_r2": 0.9708732228630439,
    "feature_r2_scores": [
      0.9404846861902705,
      0.9782364795417229,
      0.9797218878583357,
      0.9758867946102258,
      0.9800362661146649
    ]
  }
}