{
  "study_efficiency": {
    "mean": -589.584016335025,
    "std": 4455.327066438642,
    "skewness": -7.1322774288709,
    "kurtosis": 49.782264356167545,
    "min": -38486.62893554291,
    "max": 1405.6809769535632
  },
  "total_screen_time": {
    "mean": -1.2079226507921704e-16,
    "std": 1.4230172541589239,
    "skewness": 0.09317983312314165,
    "kurtosis": -0.08654847258261444,
    "min": -3.660831367361802,
    "max": 5.01142957954183
  },
  "sleep_quality_score": {
    "mean": -0.006507964872229781,
    "std": 0.9847781980056373,
    "skewness": -0.0219939524942175,
    "kurtosis": 1.1252366882037128,
    "min": -3.4786835404707346,
    "max": 3.297840440313196
  },
  "academic_lifestyle": {
    "mean": -1.8829382497642654e-16,
    "std": 1.7457814713636812,
    "skewness": -0.08998402920003654,
    "kurtosis": -0.05180039451572149,
    "min": -5.458450447696859,
    "max": 5.20817840818575
  },
  "exam_score": {
    "mean": 69.6015,
    "std": 16.888563921818257,
    "skewness": -0.1561160317005029,
    "kurtosis": -0.4238049628806215,
    "min": 18.4,
    "max": 100.0
  }
}